;Exception
;Exception
;Exception
;Exception
;Exception
;Exception
;Exception
;Exception
;Exception
;Exception
;Exception
;Exception
;Exception
;Exception
;Exception
;Exception
;Exception
;Exception
;Exception
;Exception
0.030724048614501953;Error
0.02697014808654785;Error
0.02560591697692871;Error
0.02490997314453125;Error
0.025353193283081055;Error
0.025038719177246094;Error
0.02520012855529785;Error
0.024860143661499023;Error
0.025494098663330078;Error
0.02525496482849121;Error
